<measure>
  <name>Scale Building Size</name>
  <uid>df4de4a0-b23c-4def-9426-79a228069af9</uid>
  <version_id>2f08ad23-fb3e-4d4c-b9f6-4d5fd6481f33</version_id>
  <description>Expand or shrink a model by a given amount to see the impact on energy.</description>
  <modeler_description>Scale all surfaces in the building by a factor in the X,Y, and Z directions.</modeler_description>
  <provenances/>
  <tags>
    <tag>Envelope.Form</tag>
  </tags>
  <attributes>
    <attribute>
      <name>Measure Type</name>
      <value>ModelMeasure</value>
      <datatype>string</datatype>
    </attribute>
    <attribute>
      <name>Uses SketchUp API</name>
      <value>false</value>
      <datatype>boolean</datatype>
    </attribute>
  </attributes>
  <files>
    <file>
      <version>
        <software_program>OpenStudio</software_program>
        <identifier>1.1.0</identifier>
      </version>
      <filename>measure.rb</filename>
      <filetype>rb</filetype>
      <usage_type>script</usage_type>
      <checksum>F55B7C80</checksum>
    </file>
    <file>
      <filename>ScaleBuildingSize_Test.rb</filename>
      <filetype>rb</filetype>
      <usage_type>test</usage_type>
      <checksum>22058D34</checksum>
    </file>
  </files>
</measure>
