<measure>
  <name>Reduce Electric Equipment Loads by Percentage Audit</name>
  <uid>308185c4-bef1-4fad-b8b1-216f5f4d26d9</uid>
  <version_id>31755a9d-a526-4898-a94d-9f32d9d6859a</version_id>
  <description>Reduce electric equipment power.</description>
  <modeler_description>This measure supports models which have a mixture of equipment assigned to spaces and space types.</modeler_description>
  <provenances/>
  <tags>
    <tag>Equipment.Electric Equipment</tag>
  </tags>
  <attributes>
    <attribute>
      <name>Measure Function</name>
      <value>Measure</value>
      <datatype>string</datatype>
    </attribute>
    <attribute>
      <name>Requires EnergyPlus Results</name>
      <value>false</value>
      <datatype>boolean</datatype>
    </attribute>
    <attribute>
      <name>Measure Type</name>
      <value>ModelMeasure</value>
      <datatype>string</datatype>
    </attribute>
    <attribute>
      <name>Uses SketchUp API</name>
      <value>false</value>
      <datatype>boolean</datatype>
    </attribute>
  </attributes>
  <files>
    <file>
      <version>
        <software_program>OpenStudio</software_program>
        <identifier>0.11.3</identifier>
      </version>
      <filename>measure.rb</filename>
      <filetype>rb</filetype>
      <usage_type>script</usage_type>
      <checksum>9EFE89D3</checksum>
    </file>
    <file>
      <filename>ReduceElectricEquipmentByPercentageAudit_Test.rb</filename>
      <filetype>rb</filetype>
      <usage_type>test</usage_type>
      <checksum>B6751090</checksum>
    </file>
  </files>
</measure>
