<measure>
  <name>Reduce Lighting Loads by Percentage Audit</name>
  <uid>58dc7f6a-2c5e-4aad-90e7-ee97df362ac4</uid>
  <version_id>f83a7572-40bc-447c-9d66-597ba95e2661</version_id>
  <description>The lighting system in this building uses more power per area than is required with the latest lighting technologies.  Replace the lighting system with a newer, more efficient lighting technology.  Newer technologies provide the same amount of light but use less energy in the process.</description>
  <modeler_description>This measure supports models which have a mixture of lighting assigned to spaces and space types.  The lighting may be specified as individual luminaires, lighting equipment level, lighting power per area, or lighting power per person.</modeler_description>
  <provenances/>
  <tags>
    <tag>Electric Lighting.Lighting Equipment</tag>
  </tags>
  <attributes>
    <attribute>
      <name>Measure Function</name>
      <value>Measure</value>
      <datatype>string</datatype>
    </attribute>
    <attribute>
      <name>Requires EnergyPlus Results</name>
      <value>false</value>
      <datatype>boolean</datatype>
    </attribute>
    <attribute>
      <name>Measure Type</name>
      <value>ModelMeasure</value>
      <datatype>string</datatype>
    </attribute>
    <attribute>
      <name>Uses SketchUp API</name>
      <value>false</value>
      <datatype>boolean</datatype>
    </attribute>
  </attributes>
  <files>
    <file>
      <version>
        <software_program>OpenStudio</software_program>
        <identifier>0.11.3</identifier>
      </version>
      <filename>measure.rb</filename>
      <filetype>rb</filetype>
      <usage_type>script</usage_type>
      <checksum>BFAD8882</checksum>
    </file>
    <file>
      <filename>ReduceLightingLoadsByPercentageAudit_Test.rb</filename>
      <filetype>rb</filetype>
      <usage_type>test</usage_type>
      <checksum>4D37C77A</checksum>
    </file>
  </files>
</measure>
