<measure>
  <name>Add Sys 5 - Packaged VAV w/ Reheat</name>
  <uid>6d2d36a2-017a-431e-b641-9aaa176a710f</uid>
  <version_id>31b1e032-994a-496a-bb13-aaae7e3e2509</version_id>
  <description></description>
  <modeler_description></modeler_description>
  <provenances/>
  <tags>
    <tag>HVAC.Whole System</tag>
  </tags>
  <attributes>
    <attribute>
      <name>Measure Type</name>
      <value>ModelMeasure</value>
      <datatype>string</datatype>
    </attribute>
    <attribute>
      <name>Uses SketchUp API</name>
      <value>false</value>
      <datatype>boolean</datatype>
    </attribute>
  </attributes>
  <files>
    <file>
      <filename>AddSys1PTACResidential_Test.rb</filename>
      <filetype>rb</filetype>
      <usage_type>test</usage_type>
      <checksum>F91E33DB</checksum>
    </file>
    <file>
      <version>
        <software_program>OpenStudio</software_program>
        <identifier>1.3.0</identifier>
      </version>
      <filename>measure.rb</filename>
      <filetype>rb</filetype>
      <usage_type>script</usage_type>
      <checksum>E8942A16</checksum>
    </file>
  </files>
</measure>
