<measure>
  <name>Add Sys 10 - Electric Warm Air Furnace</name>
  <uid>769fb397-2e53-482c-8841-c16e75010462</uid>
  <version_id>6d40490f-05d8-43cc-a532-8b1af6925471</version_id>
  <description></description>
  <modeler_description></modeler_description>
  <provenances/>
  <tags>
    <tag>HVAC.Whole System</tag>
  </tags>
  <attributes>
    <attribute>
      <name>Measure Type</name>
      <value>ModelMeasure</value>
      <datatype>string</datatype>
    </attribute>
    <attribute>
      <name>Uses SketchUp API</name>
      <value>false</value>
      <datatype>boolean</datatype>
    </attribute>
  </attributes>
  <files>
    <file>
      <filename>AddSys1PTACResidential_Test.rb</filename>
      <filetype>rb</filetype>
      <usage_type>test</usage_type>
      <checksum>F91E33DB</checksum>
    </file>
    <file>
      <version>
        <software_program>OpenStudio</software_program>
        <identifier>1.3.0</identifier>
      </version>
      <filename>measure.rb</filename>
      <filetype>rb</filetype>
      <usage_type>script</usage_type>
      <checksum>CC15AF7E</checksum>
    </file>
  </files>
</measure>
