<measure>
  <name>Add Sys 9 - Gas Fired Warm Air Furnace</name>
  <uid>2e20d06b-2f8e-4ca6-8235-4c1de4a03b23</uid>
  <version_id>bd605ddc-6977-4189-8e65-e0884e522e4f</version_id>
  <description></description>
  <modeler_description></modeler_description>
  <provenances/>
  <tags>
    <tag>HVAC.Whole System</tag>
  </tags>
  <attributes>
    <attribute>
      <name>Measure Type</name>
      <value>ModelMeasure</value>
      <datatype>string</datatype>
    </attribute>
    <attribute>
      <name>Uses SketchUp API</name>
      <value>false</value>
      <datatype>boolean</datatype>
    </attribute>
  </attributes>
  <files>
    <file>
      <filename>AddSys1PTACResidential_Test.rb</filename>
      <filetype>rb</filetype>
      <usage_type>test</usage_type>
      <checksum>F91E33DB</checksum>
    </file>
    <file>
      <version>
        <software_program>OpenStudio</software_program>
        <identifier>1.3.0</identifier>
      </version>
      <filename>measure.rb</filename>
      <filetype>rb</filetype>
      <usage_type>script</usage_type>
      <checksum>B8139F20</checksum>
    </file>
  </files>
</measure>
