<measure>
  <name>Add Sys 8 - VAV w/ PFP Boxes</name>
  <uid>7a82225d-1d44-4060-b7c4-c2ac68055b0b</uid>
  <version_id>8dc436a3-c5f8-48bf-a671-bc15debb8dd0</version_id>
  <description></description>
  <modeler_description></modeler_description>
  <provenances/>
  <tags>
    <tag>HVAC.Whole System</tag>
  </tags>
  <attributes>
    <attribute>
      <name>Measure Type</name>
      <value>ModelMeasure</value>
      <datatype>string</datatype>
    </attribute>
    <attribute>
      <name>Uses SketchUp API</name>
      <value>false</value>
      <datatype>boolean</datatype>
    </attribute>
  </attributes>
  <files>
    <file>
      <filename>AddSys1PTACResidential_Test.rb</filename>
      <filetype>rb</filetype>
      <usage_type>test</usage_type>
      <checksum>F91E33DB</checksum>
    </file>
    <file>
      <version>
        <software_program>OpenStudio</software_program>
        <identifier>1.3.0</identifier>
      </version>
      <filename>measure.rb</filename>
      <filetype>rb</filetype>
      <usage_type>script</usage_type>
      <checksum>EAA42DCC</checksum>
    </file>
  </files>
</measure>
