<measure>
  <name>Replace One Plug Load with Another</name>
  <uid>53b21008-c228-4e42-b601-b59367ad0536</uid>
  <version_id>cf1ad692-701b-458e-a243-1851fa2d032b</version_id>
  <description></description>
  <modeler_description>Replace all instances of a given plug load in either the whole building or a given space type with a different plug load.</modeler_description>
  <provenances/>
  <tags>
    <tag>Equipment.Electric Equipment</tag>
  </tags>
  <attributes>
    <attribute>
      <name>Measure Type</name>
      <value>ModelMeasure</value>
      <datatype>string</datatype>
    </attribute>
    <attribute>
      <name>Uses SketchUp API</name>
      <value>false</value>
      <datatype>boolean</datatype>
    </attribute>
  </attributes>
  <files>
    <file>
      <filename>ReplaceOneLigthtFixturewithAnother_Test.rb</filename>
      <filetype>rb</filetype>
      <usage_type>test</usage_type>
      <checksum>F776271F</checksum>
    </file>
    <file>
      <version>
        <software_program>OpenStudio</software_program>
        <identifier>1.2.1</identifier>
      </version>
      <filename>measure.rb</filename>
      <filetype>rb</filetype>
      <usage_type>script</usage_type>
      <checksum>D057A56D</checksum>
    </file>
  </files>
</measure>
