<measure>
  <name>Add Sys 6 - Packaged VAV w/ PFP Boxes</name>
  <uid>8fd87340-249e-45ab-93da-7230eb1f8dbd</uid>
  <version_id>f038e479-f926-45ce-90f5-4578bd7d2826</version_id>
  <description></description>
  <modeler_description></modeler_description>
  <provenances/>
  <tags>
    <tag>HVAC.Whole System</tag>
  </tags>
  <attributes>
    <attribute>
      <name>Measure Type</name>
      <value>ModelMeasure</value>
      <datatype>string</datatype>
    </attribute>
    <attribute>
      <name>Uses SketchUp API</name>
      <value>false</value>
      <datatype>boolean</datatype>
    </attribute>
  </attributes>
  <files>
    <file>
      <filename>AddSys1PTACResidential_Test.rb</filename>
      <filetype>rb</filetype>
      <usage_type>test</usage_type>
      <checksum>F91E33DB</checksum>
    </file>
    <file>
      <version>
        <software_program>OpenStudio</software_program>
        <identifier>1.3.0</identifier>
      </version>
      <filename>measure.rb</filename>
      <filetype>rb</filetype>
      <usage_type>script</usage_type>
      <checksum>4AAB0EFB</checksum>
    </file>
  </files>
</measure>
